subset,loss,accuracy
0,4.448606967926025,0.13043478260869565
1,3.5534355640411377,0.5217391304347826
2,4.624682903289795,0.36363636363636365
3,2.6764867305755615,0.4545454545454545cross_valid_120823_sub01_day5.csv3
